{"theta0": 6331.8333226770665, "theta1": -1106.0198791312334}